GAME_DATETIME,HOME_TEAM_ABBREVIATION,AWAY_TEAM_ABBREVIATION,HOME_WIN_PROB_MARKET,AWAY_WIN_PROB_MARKET,NUM_BOOKS
2026-10-20T19:00:00Z,DET,BOS,0.5576772602849587,0.48760378727226944,6
2026-10-20T23:00:00Z,NYK,PHI,0.6557731141841977,0.3891513921175876,6
2026-10-21T01:30:00Z,SAS,OKC,0.5698777259204674,0.4749709804416893,6
2026-10-21T23:00:00Z,WAS,MIL,0.6836108807309632,0.36292247497733227,6
2026-10-21T23:10:00Z,ORL,ATL,0.5770538043474228,0.4667536316384547,6
2026-10-21T23:30:00Z,BKN,CHA,0.4794236817734119,0.5691077210477723,6
2026-10-21T23:40:00Z,TOR,CHI,0.7783612875210335,0.26669037458511147,4
2026-10-21T23:40:00Z,MIA,MIN,0.5495040495040495,0.49428479433309186,6
2026-10-22T00:10:00Z,NOP,IND,0.4289961560921048,0.6150066233735177,6
2026-10-22T00:10:00Z,MEM,UTA,0.4638140276783714,0.581900197281419,6
2026-10-22T00:40:00Z,HOU,DAL,0.7591651465804313,0.285727848310356,6
2026-10-22T02:00:00Z,LAL,GSW,0.65921974673327,0.3864989550867675,6
2026-10-22T02:10:00Z,POR,PHX,0.6252760915731659,0.41980917448071886,6
2026-10-22T02:40:00Z,LAC,SAC,0.6138061285120108,0.43573607932875663,4
2026-10-22T23:10:00Z,PHI,CLE,0.6315188079893962,0.41539056015112913,3
2026-10-23T01:40:00Z,OKC,DEN,0.7365719037567051,0.3108974358974359,3
2026-10-23T23:10:00Z,BOS,NYK,0.5652173913043478,0.47619047619047616,1
2026-10-24T01:40:00Z,SAS,HOU,0.7041420118343196,0.3389830508474576,1
2026-10-30T23:10:00Z,WAS,CHA,0.5121951219512195,0.5348837209302325,1
2026-10-30T23:40:00Z,BOS,CHI,0.8518518518518519,0.19047619047619047,1
2026-10-30T23:40:00Z,BKN,DET,0.2857142857142857,0.7560975609756098,1
2026-10-30T23:40:00Z,PHI,NYK,0.5555555555555556,0.4878048780487805,1
2026-10-30T23:40:00Z,TOR,ORL,0.5967741935483871,0.44642857142857145,1
2026-10-31T00:10:00Z,DAL,HOU,0.4166666666666667,0.6240601503759399,1
2026-10-31T00:10:00Z,MIA,IND,0.5967741935483871,0.44642857142857145,1
2026-10-31T00:10:00Z,MIN,LAC,0.7647058823529411,0.2777777777777778,1
2026-10-31T02:10:00Z,PHX,DEN,0.47619047619047616,0.5652173913043478,1
2026-10-31T02:10:00Z,GSW,LAL,0.5238095238095238,0.5238095238095238,1
2026-11-07T00:40:00Z,CLE,PHI,0.5412844036697247,0.504950495049505,1
2026-11-07T03:10:00Z,LAL,POR,0.6078431372549019,0.43478260869565216,1
2026-11-14T00:10:00Z,IND,NYK,0.4878048780487805,0.5555555555555556,1
2026-11-14T02:40:00Z,SAS,GSW,0.8387096774193549,0.20408163265306123,1
2026-11-21T00:40:00Z,DET,TOR,0.5348837209302325,0.5121951219512195,1
2026-11-21T03:10:00Z,DEN,HOU,0.5967741935483871,0.44642857142857145,1
2026-11-25T01:10:00Z,WAS,BOS,0.4,0.6428571428571429,1
2026-11-25T03:10:00Z,DEN,DAL,0.7752808988764045,0.26666666666666666,1
2026-11-25T22:10:00Z,PHI,MIA,0.6078431372549019,0.43478260869565216,1
2026-11-26T00:40:00Z,OKC,MIN,0.7894736842105263,0.25316455696202533,1
2026-11-26T03:10:00Z,POR,SAS,0.423728813559322,0.6183206106870229,1
2026-11-28T00:10:00Z,NYK,MIA,0.6491228070175439,0.3937007874015748,1
2026-11-28T02:40:00Z,SAS,LAL,0.7142857142857143,0.32786885245901637,1
2026-12-25T17:00:00Z,NYK,SAS,0.5245173321632295,0.5245366690373593,4
2026-12-25T19:30:00Z,BOS,MIA,0.6473401338477164,0.4004660131769243,4
2026-12-25T22:00:00Z,LAL,PHI,0.5385981235568632,0.5097383376746389,4
2026-12-26T01:00:00Z,MIN,OKC,0.4248780679135031,0.6188747229257773,4
2026-12-26T03:30:00Z,GSW,DEN,0.476923327470523,0.5670554112519137,4
